<?xml version="1.0" encoding="UTF-8"?>
<project-private xmlns="http://www.netbeans.org/ns/project-private/1">
    <editor-bookmarks xmlns="http://www.netbeans.org/ns/editor-bookmarks/2" lastBookmarkId="0"/>
    <open-files xmlns="http://www.netbeans.org/ns/projectui-open-files/2">
        <group>
            <file>file:/C:/Users/cris/Documents/NetBeansProjects/MakerC3D_200924468/src/org/compi2/codigo3d/parser/sintactico.cup</file>
            <file>file:/C:/Users/cris/Documents/NetBeansProjects/MakerC3D_200924468/src/org/compi2/codigo3d/parser/NodoC3D.java</file>
            <file>file:/C:/Users/cris/Documents/NetBeansProjects/MakerC3D_200924468/src/org/compi2/codigo3d/parser/ControlC3D.java</file>
            <file>file:/C:/Users/cris/Documents/NetBeansProjects/MakerC3D_200924468/src/org/compi2/codigo3d/parser/parser.java</file>
        </group>
    </open-files>
</project-private>
